name,image
2e805085ed254f86a17c3f5a167f7c9a.jpg,https://image.pxgo.com.tw/pic/2024/11/26/2e805085ed254f86a17c3f5a167f7c9a.jpg
cfe633b2-6bbf-4648-825f-a792fbfb0bd7.jpg,https://image.pxgo.com.tw/pic/2023/11/30/cfe633b2-6bbf-4648-825f-a792fbfb0bd7.jpg
fe99fbd273be468dbd149dc8c29a3ea8.jpg,https://image.pxgo.com.tw/pic/2024/10/24/fe99fbd273be468dbd149dc8c29a3ea8.jpg
6de664e2a5254cc6a70a126a5da5dd0f.jpg,https://image.pxgo.com.tw/pic/2024/08/23/6de664e2a5254cc6a70a126a5da5dd0f.jpg
9226ed03a3f74bc39dd827413f7429f2.jpg,https://image.pxgo.com.tw/pic/2024/11/26/9226ed03a3f74bc39dd827413f7429f2.jpg
08d92981-8ee2-4ab9-8f37-773635e33e12.jpg,https://image.pxgo.com.tw/pic/2023/12/08/08d92981-8ee2-4ab9-8f37-773635e33e12.jpg
fe3cd6c2c55443a2b776a3cf27e8a474.jpg,https://image.pxgo.com.tw/pic/2024/10/14/fe3cd6c2c55443a2b776a3cf27e8a474.jpg
4712019100607.jpg,https://image.pxgo.com.tw/pxmart-pic/4712019100607/4712019100607.jpg
7622210718327.jpg,https://image.pxgo.com.tw/pxmart-pic/7622210718327/7622210718327.jpg
4710144913444.jpg,https://image.pxgo.com.tw/pxmart-pic/4710144913444/4710144913444.jpg
bf1556af3ab940858b4dea17e12eb6dd.jpg,https://image.pxgo.com.tw/pic/2024/11/26/bf1556af3ab940858b4dea17e12eb6dd.jpg
7c7b495cc83c4e149c909032801e7464.jpg,https://image.pxgo.com.tw/pic/2024/08/09/7c7b495cc83c4e149c909032801e7464.jpg
993a0255-0c52-4773-830b-b29b097c6d13.jpg,https://image.pxgo.com.tw/pic/2023/10/05/993a0255-0c52-4773-830b-b29b097c6d13.jpg
1c0f7f3966aa4b5aa9eb8e5f9bb8722e.jpg,https://image.pxgo.com.tw/pic/2024/08/09/1c0f7f3966aa4b5aa9eb8e5f9bb8722e.jpg
8996001321188.jpg,https://image.pxgo.com.tw/pxmart-pic/8996001321188/8996001321188.jpg
507fdd35ec49406baeef1c7241d01168.jpg,https://image.pxgo.com.tw/pic/2024/10/04/507fdd35ec49406baeef1c7241d01168.jpg
0fe45235-642d-4fad-aba0-8575a2e6ae0b.jpg,https://image.pxgo.com.tw/pic/2024/05/24/0fe45235-642d-4fad-aba0-8575a2e6ae0b.jpg
9bb121e0-4684-4ab4-aa82-fdd2d7d8c176.jpg,https://image.pxgo.com.tw/pic/2024/07/11/9bb121e0-4684-4ab4-aa82-fdd2d7d8c176.jpg
4710043001433.jpg,https://image.pxgo.com.tw/pxmart-pic/4710043001433/4710043001433.jpg
4710126396746.jpg,https://image.pxgo.com.tw/pxmart-pic/4710126396746/4710126396746.jpg
70e0bf9efc104557bda5d830502c8fbe.jpg,https://image.pxgo.com.tw/pic/2024/08/22/70e0bf9efc104557bda5d830502c8fbe.jpg
9a2c27fb-4c45-40e4-90d5-c6a380b4a8ea.jpg,https://image.pxgo.com.tw/pic/2024/05/10/9a2c27fb-4c45-40e4-90d5-c6a380b4a8ea.jpg
7e13df1a17964bcebbef0a87f33af8a8.jpg,https://image.pxgo.com.tw/pic/2024/10/31/7e13df1a17964bcebbef0a87f33af8a8.jpg
af33a369-4749-4886-9011-f52186553db1.jpg,https://image.pxgo.com.tw/pic/2023/09/15/af33a369-4749-4886-9011-f52186553db1.jpg
c25c1d6b-f4e0-4b5a-8122-410764526160.jpg,https://image.pxgo.com.tw/pic/2024/01/04/c25c1d6b-f4e0-4b5a-8122-410764526160.jpg
a0735c4c6984441c8a6c7cca3b05f0bc.jpg,https://image.pxgo.com.tw/pic/2024/08/09/a0735c4c6984441c8a6c7cca3b05f0bc.jpg
4710943272032.jpg,https://image.pxgo.com.tw/pxmart-pic/4710943272032/4710943272032.jpg
4710943130509.jpg,https://image.pxgo.com.tw/pxmart-pic/4710943130509/4710943130509.jpg
04ac3c1c-f708-4c65-9469-619be936e0cd.jpg,https://image.pxgo.com.tw/pic/2023/12/07/04ac3c1c-f708-4c65-9469-619be936e0cd.jpg
ac0c84c0615b4d6f984d2da1cf974ecc.jpg,https://image.pxgo.com.tw/pic/2024/10/31/ac0c84c0615b4d6f984d2da1cf974ecc.jpg
4fd544837cb54cee859298daa0761a72.jpg,https://image.pxgo.com.tw/pic/2024/10/01/4fd544837cb54cee859298daa0761a72.jpg
b02f252ac4094480831fecd568068b79.jpg,https://image.pxgo.com.tw/pic/2024/08/22/b02f252ac4094480831fecd568068b79.jpg
647dcb17-4b7f-43f0-b404-cdf306534aa6.jpg,https://image.pxgo.com.tw/pic/2023/12/07/647dcb17-4b7f-43f0-b404-cdf306534aa6.jpg
4710175574829.jpg,https://image.pxgo.com.tw/pxmart-pic/4710175574829/4710175574829.jpg
4901117557004.jpg,https://image.pxgo.com.tw/pxmart-pic/4901117557004/4901117557004.jpg
4711605673167.jpg,https://image.pxgo.com.tw/pxmart-pic/4711605673167/4711605673167.jpg
4710110221511.jpg,https://image.pxgo.com.tw/pxmart-pic/4710110221511/4710110221511.jpg
b638713b-c4eb-4d02-ac57-73ed9c5d9e24.jpg,https://image.pxgo.com.tw/pic/2023/12/07/b638713b-c4eb-4d02-ac57-73ed9c5d9e24.jpg
4897878230037.jpg,https://image.pxgo.com.tw/pxmart-pic/4897878230037/4897878230037.jpg
8f3f8f29-e546-46a9-ae57-2b76390e35c3.jpg,https://image.pxgo.com.tw/pic/2023/08/31/8f3f8f29-e546-46a9-ae57-2b76390e35c3.jpg
8801045522883.jpg,https://image.pxgo.com.tw/pxmart-pic/8801045522883/8801045522883.jpg
4710175567128.jpg,https://image.pxgo.com.tw/pxmart-pic/4710175567128/4710175567128.jpg
4710311720813.jpg,https://image.pxgo.com.tw/pxmart-pic/4710311720813/4710311720813.jpg
d2cc775f3d2e4b73810a831765a7107b.jpg,https://image.pxgo.com.tw/pic/2024/11/28/d2cc775f3d2e4b73810a831765a7107b.jpg
08af3d2ce67b4e7f9b057a0a5fcaf6a7.jpg,https://image.pxgo.com.tw/pic/2024/11/01/08af3d2ce67b4e7f9b057a0a5fcaf6a7.jpg
ecadade0c80947798d33e54e6544bd2c.jpg,https://image.pxgo.com.tw/pic/2024/08/22/ecadade0c80947798d33e54e6544bd2c.jpg
b3962dcca1964362ba67827f73ec8ac2.jpg,https://image.pxgo.com.tw/pic/2024/11/26/b3962dcca1964362ba67827f73ec8ac2.jpg
11d3a4ab585242148b820eb896355d4e.jpg,https://image.pxgo.com.tw/pic/2024/11/26/11d3a4ab585242148b820eb896355d4e.jpg
7d5a8355faae4d889575728dca987d12.jpg,https://image.pxgo.com.tw/pic/2024/11/26/7d5a8355faae4d889575728dca987d12.jpg
651b56ea-1495-4a31-8b3b-9cbbc02fd04f.jpg,https://image.pxgo.com.tw/pic/2024/03/22/651b56ea-1495-4a31-8b3b-9cbbc02fd04f.jpg
f6c87225a61e42069e98f62395329b80.jpg,https://image.pxgo.com.tw/pic/2024/11/26/f6c87225a61e42069e98f62395329b80.jpg
4710883103069.jpg,https://image.pxgo.com.tw/pxmart-pic/4710883103069/4710883103069.jpg
4864cf8cf7484106867a5a5ff8eca041.jpg,https://image.pxgo.com.tw/pic/2024/11/26/4864cf8cf7484106867a5a5ff8eca041.jpg
be242238-9d94-43c3-9aa0-88d5d8d03e6c.jpg,https://image.pxgo.com.tw/pic/2024/01/06/be242238-9d94-43c3-9aa0-88d5d8d03e6c.jpg
10adef90-6c3a-4f6d-91fa-49db7f6d234a.jpg,https://image.pxgo.com.tw/pic/2023/11/30/10adef90-6c3a-4f6d-91fa-49db7f6d234a.jpg
078895423037.jpg,https://image.pxgo.com.tw/pxmart-pic/078895423037/078895423037.jpg
4710011403313.jpg,https://image.pxgo.com.tw/pxmart-pic/4710011403313/4710011403313.jpg
4712176747547.jpg,https://image.pxgo.com.tw/pxmart-pic/4712176747547/4712176747547.jpg
4710059059077.jpg,https://image.pxgo.com.tw/pxmart-pic/4710059059077/4710059059077.jpg
4710626163015.jpg,https://image.pxgo.com.tw/pxmart-pic/4710626163015/4710626163015.jpg
4713653601147.jpg,https://image.pxgo.com.tw/pxmart-pic/4713653601147/4713653601147.jpg
4710014202029.jpg,https://image.pxgo.com.tw/pxmart-pic/4710014202029/4710014202029.jpg
f134c5f2da6348479eef8bb528d03eb7.jpg,https://image.pxgo.com.tw/pic/2024/08/22/f134c5f2da6348479eef8bb528d03eb7.jpg
8809003991016.jpg,https://image.pxgo.com.tw/pxmart-pic/8809003991016/8809003991016.jpg
7c019c8f-b202-44f9-ab0c-9f8664f186fb.jpg,https://image.pxgo.com.tw/pic/2023/12/07/7c019c8f-b202-44f9-ab0c-9f8664f186fb.jpg
a4319416-6b5d-49b5-baa2-a19d9890178f.jpg,https://image.pxgo.com.tw/pic/2023/12/07/a4319416-6b5d-49b5-baa2-a19d9890178f.jpg
477702e0-81c6-4cc3-86c1-31f11af16736.jpg,https://image.pxgo.com.tw/pic/2024/02/02/477702e0-81c6-4cc3-86c1-31f11af16736.jpg
cac38c10-22bf-453b-8f0c-ac4d795e0c26.jpg,https://image.pxgo.com.tw/pic/2024/03/21/cac38c10-22bf-453b-8f0c-ac4d795e0c26.jpg
4719783003042.jpg,https://image.pxgo.com.tw/pxmart-pic/4719783003042/4719783003042.jpg
93955d82-18b8-4f9c-9f84-3f9c19d89630.jpg,https://image.pxgo.com.tw/pic/2023/09/23/93955d82-18b8-4f9c-9f84-3f9c19d89630.jpg
d36248dfc3d64f0d9600334fdfd231b2.jpg,https://image.pxgo.com.tw/pic/2024/11/26/d36248dfc3d64f0d9600334fdfd231b2.jpg
932426e3-93df-4aba-ab02-90905c55f347.jpg,https://image.pxgo.com.tw/pic/2023/09/23/932426e3-93df-4aba-ab02-90905c55f347.jpg
8888082150767.jpg,https://image.pxgo.com.tw/pxmart-pic/8888082150767/8888082150767.jpg
be1a5fc97cb34a0aacbc041b60aec0d0.jpg,https://image.pxgo.com.tw/pic/2024/11/26/be1a5fc97cb34a0aacbc041b60aec0d0.jpg
8414a0eb-30a3-413d-b4f0-2dc2ea657d24.jpg,https://image.pxgo.com.tw/pic/2023/09/23/8414a0eb-30a3-413d-b4f0-2dc2ea657d24.jpg
4713398999974.jpg,https://image.pxgo.com.tw/pxmart-pic/4713398999974/4713398999974.jpg
b7271010-a6a8-4a29-9fe5-bc0c442c5618.jpg,https://image.pxgo.com.tw/pic/2023/09/23/b7271010-a6a8-4a29-9fe5-bc0c442c5618.jpg
f3244a60-e423-43e9-a29c-16c5c7e20f5a.jpg,https://image.pxgo.com.tw/pic/2024/06/20/f3244a60-e423-43e9-a29c-16c5c7e20f5a.jpg
12072b1a1f204ecea459b65440ad07ab.jpg,https://image.pxgo.com.tw/pic/2024/08/23/12072b1a1f204ecea459b65440ad07ab.jpg
9466df1c77ff49c6b07eaa08a58f8589.jpg,https://image.pxgo.com.tw/pic/2024/08/23/9466df1c77ff49c6b07eaa08a58f8589.jpg
3cfb14abe4c14a10a5c273c229a24cf4.jpg,https://image.pxgo.com.tw/pic/2024/11/29/3cfb14abe4c14a10a5c273c229a24cf4.jpg
cff8a9e5a9094441b91967bba15b45c3.jpg,https://image.pxgo.com.tw/pic/2024/11/29/cff8a9e5a9094441b91967bba15b45c3.jpg
d6c99e2cb3174fa4af2e611f1ab716a8.jpg,https://image.pxgo.com.tw/pic/2024/11/29/d6c99e2cb3174fa4af2e611f1ab716a8.jpg
59aa2178-ab47-4a32-89b1-840e5ce65d98.jpg,https://image.pxgo.com.tw/pic/2024/06/20/59aa2178-ab47-4a32-89b1-840e5ce65d98.jpg
43fdd8843c67469598c6df0520e62247.jpg,https://image.pxgo.com.tw/pic/2024/11/29/43fdd8843c67469598c6df0520e62247.jpg
46bbf57b1bd54d848798253cc518a021.jpg,https://image.pxgo.com.tw/pic/2024/11/29/46bbf57b1bd54d848798253cc518a021.jpg
0d29b7d6-78e6-4125-94c1-aa6034bb6b0d.jpg,https://image.pxgo.com.tw/pic/2024/05/10/0d29b7d6-78e6-4125-94c1-aa6034bb6b0d.jpg
71a340d0172840a89f68abd8ff7738d5.jpg,https://image.pxgo.com.tw/pic/2024/09/06/71a340d0172840a89f68abd8ff7738d5.jpg
0b28ad15a0064a44b3aa238e732d9c07.jpg,https://image.pxgo.com.tw/pic/2024/11/29/0b28ad15a0064a44b3aa238e732d9c07.jpg
0abc69eac64e402da4dc10195b1112b9.jpg,https://image.pxgo.com.tw/pic/2024/11/29/0abc69eac64e402da4dc10195b1112b9.jpg
4710049850585.jpg,https://image.pxgo.com.tw/pxmart-pic/4710049850585/4710049850585.jpg
5527d52c871141ecae33ac374c5ee7a2.jpg,https://image.pxgo.com.tw/pic/2024/11/22/5527d52c871141ecae33ac374c5ee7a2.jpg
35306ec595d44ee19aaf43964c483809.jpg,https://image.pxgo.com.tw/pic/2024/11/22/35306ec595d44ee19aaf43964c483809.jpg
bbb62fe2-a1a4-4c14-a4ee-070811b49357.jpg,https://image.pxgo.com.tw/pic/2024/07/12/bbb62fe2-a1a4-4c14-a4ee-070811b49357.jpg
f6a92d80fd7a4aeea185e41e3b3805ec.jpg,https://image.pxgo.com.tw/pic/2024/09/20/f6a92d80fd7a4aeea185e41e3b3805ec.jpg
4ea03a9f-e8ee-4112-afa2-1bbff62025a6.jpg,https://image.pxgo.com.tw/pic/2024/05/10/4ea03a9f-e8ee-4112-afa2-1bbff62025a6.jpg
3d1858fa22434d38b1855a8d80910edc.jpg,https://image.pxgo.com.tw/pic/2024/11/29/3d1858fa22434d38b1855a8d80910edc.jpg
3d044fad6c814c0e85e53ea2388a4ef2.jpg,https://image.pxgo.com.tw/pic/2024/11/26/3d044fad6c814c0e85e53ea2388a4ef2.jpg
823bd3ddae5d4acca177ebd6700b6273.jpg,https://image.pxgo.com.tw/pic/2024/09/20/823bd3ddae5d4acca177ebd6700b6273.jpg
eaf48ef9-7cc2-4f04-ac8a-13c1c8e69301.jpg,https://image.pxgo.com.tw/pic/2024/07/12/eaf48ef9-7cc2-4f04-ac8a-13c1c8e69301.jpg
4710104027075.jpg,https://image.pxgo.com.tw/pxmart-pic/4710104027075/4710104027075.jpg
d9e7ba72-c78d-4ed7-af33-dd8cfebf58f3.jpg,https://image.pxgo.com.tw/pic/2024/05/10/d9e7ba72-c78d-4ed7-af33-dd8cfebf58f3.jpg
abcf995eb51e4d5ca3776d2aae962972.jpg,https://image.pxgo.com.tw/pic/2024/09/20/abcf995eb51e4d5ca3776d2aae962972.jpg
4987176092731.jpg,https://image.pxgo.com.tw/pxmart-pic/4987176092731/4987176092731.jpg
c0435135f92d4644ae3f5d5777bf0cca.jpg,https://image.pxgo.com.tw/pic/2024/11/22/c0435135f92d4644ae3f5d5777bf0cca.jpg
421be17c-3a0b-4c53-a39b-9f0bddca1e8b.jpg,https://image.pxgo.com.tw/pic/2024/05/10/421be17c-3a0b-4c53-a39b-9f0bddca1e8b.jpg
974fd03d59a04ce485d96c1dca1ef95c.jpg,https://image.pxgo.com.tw/pic/2024/10/14/974fd03d59a04ce485d96c1dca1ef95c.jpg
6902088952469.jpg,https://image.pxgo.com.tw/pxmart-pic/6902088952469/6902088952469.jpg
45c14955b6b74bd6a35661c892de0aea.jpg,https://image.pxgo.com.tw/pic/2024/10/14/45c14955b6b74bd6a35661c892de0aea.jpg
4710363214032.jpg,https://image.pxgo.com.tw/pxmart-pic/4710363214032/4710363214032.jpg
9a7c6858-4800-4935-b45c-dcbb787ad437.jpg,https://image.pxgo.com.tw/pic/2024/05/10/9a7c6858-4800-4935-b45c-dcbb787ad437.jpg
ae560b96902346a0a9edb6e7e0ded8b3.jpg,https://image.pxgo.com.tw/pic/2024/11/22/ae560b96902346a0a9edb6e7e0ded8b3.jpg
d027c803-a0f5-4ca9-9da0-427b8099e70a.jpg,https://image.pxgo.com.tw/pic/2024/07/10/d027c803-a0f5-4ca9-9da0-427b8099e70a.jpg
8851932413879.jpg,https://image.pxgo.com.tw/pxmart-pic/8851932413879/8851932413879.jpg
0dc6095a-7c49-4aa3-bdd5-c3c4cbaac0b4.jpg,https://image.pxgo.com.tw/pic/2024/05/10/0dc6095a-7c49-4aa3-bdd5-c3c4cbaac0b4.jpg
7f8d7ae4-e7ef-400f-8a2f-4ff7bc89309a.jpg,https://image.pxgo.com.tw/pic/2024/01/18/7f8d7ae4-e7ef-400f-8a2f-4ff7bc89309a.jpg
38ba2fcd-8b42-4a22-9a4a-c88312d5bf42.jpg,https://image.pxgo.com.tw/pic/2024/05/10/38ba2fcd-8b42-4a22-9a4a-c88312d5bf42.jpg
8801051193107.jpg,https://image.pxgo.com.tw/pxmart-pic/8801051193107/8801051193107.jpg
ae0dcfd4-c231-4d4f-bd25-cb84e0511320.jpg,https://image.pxgo.com.tw/pic/2024/05/10/ae0dcfd4-c231-4d4f-bd25-cb84e0511320.jpg
9ee5d2ed-d03f-477d-9cba-b91dc7cbf0e7.jpg,https://image.pxgo.com.tw/pic/2024/05/10/9ee5d2ed-d03f-477d-9cba-b91dc7cbf0e7.jpg
4987176154026.jpg,https://image.pxgo.com.tw/pxmart-pic/4987176154026/4987176154026.jpg
b7b8193c-42d3-4353-b45c-97e7665159f5.jpg,https://image.pxgo.com.tw/pic/2024/05/10/b7b8193c-42d3-4353-b45c-97e7665159f5.jpg
f2ecd603-6b4f-48de-8daa-94528cdedad2.jpg,https://image.pxgo.com.tw/pic/2024/05/10/f2ecd603-6b4f-48de-8daa-94528cdedad2.jpg
fdb07e21-e3ab-483a-a93e-34485ba87450.jpg,https://image.pxgo.com.tw/pic/2024/04/09/fdb07e21-e3ab-483a-a93e-34485ba87450.jpg
55ce1efb-af95-4f6c-ba3e-90f497c08f54.jpg,https://image.pxgo.com.tw/pic/2023/12/07/55ce1efb-af95-4f6c-ba3e-90f497c08f54.jpg
2f01f7b0-bc7c-4317-b7b8-ef99fc85b4a2.jpg,https://image.pxgo.com.tw/pic/2023/09/23/2f01f7b0-bc7c-4317-b7b8-ef99fc85b4a2.jpg
b1f65441-1bc7-4208-af68-38bd23b16d3a.jpg,https://image.pxgo.com.tw/pic/2024/07/13/b1f65441-1bc7-4208-af68-38bd23b16d3a.jpg
23e98d9da7a7430091b9d86864ddb7da.jpg,https://image.pxgo.com.tw/pic/2024/10/14/23e98d9da7a7430091b9d86864ddb7da.jpg
ecd9b2c9-5a0b-47b7-bcab-c58def0cd18a.jpg,https://image.pxgo.com.tw/pic/2024/05/10/ecd9b2c9-5a0b-47b7-bcab-c58def0cd18a.jpg
4901301510228.jpg,https://image.pxgo.com.tw/pxmart-pic/4901301510228/4901301510228.jpg
a49e6ce5-fbb1-4645-81f6-9c4724512ddb.jpg,https://image.pxgo.com.tw/pic/2024/04/09/a49e6ce5-fbb1-4645-81f6-9c4724512ddb.jpg
f1d92d7ab7784d298ed1f8706d80d1b0.jpg,https://image.pxgo.com.tw/pic/2024/10/14/f1d92d7ab7784d298ed1f8706d80d1b0.jpg
25de4729-37f4-4b57-9d1d-c217e7dc77c2.jpg,https://image.pxgo.com.tw/pic/2024/07/10/25de4729-37f4-4b57-9d1d-c217e7dc77c2.jpg
a4a394f84eab44b89fa1ea4edbca7f60.jpg,https://image.pxgo.com.tw/pic/2024/10/14/a4a394f84eab44b89fa1ea4edbca7f60.jpg
a08469bc-eeea-4241-a96f-76e6c6b92732.jpg,https://image.pxgo.com.tw/pic/2023/10/11/a08469bc-eeea-4241-a96f-76e6c6b92732.jpg
4713043260855.jpg,https://image.pxgo.com.tw/pxmart-pic/4713043260855/4713043260855.jpg
fa0f4e03-5a25-43ea-b6f5-f53d11fdfe41.jpg,https://image.pxgo.com.tw/pic/2024/05/14/fa0f4e03-5a25-43ea-b6f5-f53d11fdfe41.jpg
35519a4d-2f36-4c2f-8188-760018ab17bf.jpg,https://image.pxgo.com.tw/pic/2024/01/05/35519a4d-2f36-4c2f-8188-760018ab17bf.jpg
e8c4065e-f700-464a-98b7-c8784bf283e1.jpg,https://image.pxgo.com.tw/pic/2024/05/10/e8c4065e-f700-464a-98b7-c8784bf283e1.jpg
4710363982337.jpg,https://image.pxgo.com.tw/pxmart-pic/4710363982337/4710363982337.jpg
9cc7ffb9-6de6-48a3-a09c-3a95b790e61f.jpg,https://image.pxgo.com.tw/pic/2024/06/28/9cc7ffb9-6de6-48a3-a09c-3a95b790e61f.jpg
4710186071928.jpg,https://image.pxgo.com.tw/pxmart-pic/4710186071928/4710186071928.jpg
915dd694-a323-4304-a407-5c1f5db1799b.jpg,https://image.pxgo.com.tw/pic/2024/05/10/915dd694-a323-4304-a407-5c1f5db1799b.jpg
4710186071881.jpg,https://image.pxgo.com.tw/pxmart-pic/4710186071881/4710186071881.jpg
0038b286-5583-483d-a440-b59761cec840.jpg,https://image.pxgo.com.tw/pic/2024/03/08/0038b286-5583-483d-a440-b59761cec840.jpg
434bff07-2abf-45da-84ae-9aa87ad46dc8.jpg,https://image.pxgo.com.tw/pic/2023/12/07/434bff07-2abf-45da-84ae-9aa87ad46dc8.jpg
33ad96e6-8ad5-42d2-8cc8-c0b85d55c9a2.jpg,https://image.pxgo.com.tw/pic/2024/06/28/33ad96e6-8ad5-42d2-8cc8-c0b85d55c9a2.jpg
4005808816446.jpg,https://image.pxgo.com.tw/pxmart-pic/4005808816446/4005808816446.jpg
aa81ad55-eefa-415d-b296-221b6cf6ffeb.jpg,https://image.pxgo.com.tw/pic/2024/04/30/aa81ad55-eefa-415d-b296-221b6cf6ffeb.jpg
4719865611639.jpg,https://image.pxgo.com.tw/pxmart-pic/4719865611639/4719865611639.jpg
4719865613336.jpg,https://image.pxgo.com.tw/pxmart-pic/4719865613336/4719865613336.jpg
7882d3a2-567c-4def-9e2a-bc34795bd0c7.jpg,https://image.pxgo.com.tw/pic/2023/12/07/7882d3a2-567c-4def-9e2a-bc34795bd0c7.jpg
af6e36e6-ee39-4a48-9fdf-75e59ccf7ca2.jpg,https://image.pxgo.com.tw/pic/2023/10/11/af6e36e6-ee39-4a48-9fdf-75e59ccf7ca2.jpg
6e7af03c-8b59-4e78-894f-fc980e5a8832.jpg,https://image.pxgo.com.tw/pic/2023/09/07/6e7af03c-8b59-4e78-894f-fc980e5a8832.jpg
4719865608073.jpg,https://image.pxgo.com.tw/pxmart-pic/4719865608073/4719865608073.jpg
4891338045391.jpg,https://image.pxgo.com.tw/pxmart-pic/4891338045391/4891338045391.jpg
4ff20c12e3834ff797125628779adad3.jpg,https://image.pxgo.com.tw/pic/2024/08/23/4ff20c12e3834ff797125628779adad3.jpg
69ae5f0e-c3ca-4643-bf44-abacfbce8971.jpg,https://image.pxgo.com.tw/pic/2024/05/10/69ae5f0e-c3ca-4643-bf44-abacfbce8971.jpg
99202704-eaad-4635-90f7-c28c5877b99a.jpg,https://image.pxgo.com.tw/pic/2024/05/10/99202704-eaad-4635-90f7-c28c5877b99a.jpg
d4e49795-c09d-4e9b-ba22-3d267eff3650.jpg,https://image.pxgo.com.tw/pic/2024/05/10/d4e49795-c09d-4e9b-ba22-3d267eff3650.jpg
525c21ed-71c2-4fa1-8d12-831151e64b2a.jpg,https://image.pxgo.com.tw/pic/2024/05/10/525c21ed-71c2-4fa1-8d12-831151e64b2a.jpg
697c878c-d930-4b09-b048-ffa6df28fa38.jpg,https://image.pxgo.com.tw/pic/2024/05/10/697c878c-d930-4b09-b048-ffa6df28fa38.jpg
e3790bc21b8f4635b2b751b19ac6d615.jpg,https://image.pxgo.com.tw/pic/2024/08/23/e3790bc21b8f4635b2b751b19ac6d615.jpg
a5cec0da-0e7d-4fae-bc92-ec75da51b531.jpg,https://image.pxgo.com.tw/pic/2024/05/10/a5cec0da-0e7d-4fae-bc92-ec75da51b531.jpg
4210201318064.jpg,https://image.pxgo.com.tw/pxmart-pic/4210201318064/4210201318064.jpg
4712720472932.jpg,https://image.pxgo.com.tw/pxmart-pic/4712720472932/4712720472932.jpg
4719871982754.jpg,https://image.pxgo.com.tw/pxmart-pic/4719871982754/4719871982754.jpg
4710363639811.jpg,https://image.pxgo.com.tw/pxmart-pic/4710363639811/4710363639811.jpg
e0c1779c-cbdb-4114-8655-290a8baf9863.jpg,https://image.pxgo.com.tw/pic/2024/05/10/e0c1779c-cbdb-4114-8655-290a8baf9863.jpg
1e0a6c76e1fd46598b46f0f68d6c04e5.jpg,https://image.pxgo.com.tw/pic/2024/10/14/1e0a6c76e1fd46598b46f0f68d6c04e5.jpg
4549738970491.jpg,https://image.pxgo.com.tw/pxmart-pic/4549738970491/4549738970491.jpg
4710363918657.jpg,https://image.pxgo.com.tw/pxmart-pic/4710363918657/4710363918657.jpg
a534730a-8b5a-4ab9-b980-88d8f3e0c6c2.jpg,https://image.pxgo.com.tw/pic/2023/12/07/a534730a-8b5a-4ab9-b980-88d8f3e0c6c2.jpg
3f64ecd1-3e3c-45d5-b99a-80955d3750a8.jpg,https://image.pxgo.com.tw/pic/2024/04/30/3f64ecd1-3e3c-45d5-b99a-80955d3750a8.jpg
26c35b9d-5f96-4688-89b5-28800fb59607.jpg,https://image.pxgo.com.tw/pic/2024/05/10/26c35b9d-5f96-4688-89b5-28800fb59607.jpg
4550002547578.jpg,https://image.pxgo.com.tw/pxmart-pic/4550002547578/4550002547578.jpg
3e5be4dd-8301-45dc-a1bf-415a184265c7.jpg,https://image.pxgo.com.tw/pic/2024/05/10/3e5be4dd-8301-45dc-a1bf-415a184265c7.jpg
4713043260190.jpg,https://image.pxgo.com.tw/pxmart-pic/4713043260190/4713043260190.jpg
4719880087334.jpg,https://image.pxgo.com.tw/pxmart-pic/4719880087334/4719880087334.jpg
4710032506536.jpg,https://image.pxgo.com.tw/pxmart-pic/4710032506536/4710032506536.jpg
4710363972413.jpg,https://image.pxgo.com.tw/pxmart-pic/4710363972413/4710363972413.jpg
4710363047005.jpg,https://image.pxgo.com.tw/pxmart-pic/4710363047005/4710363047005.jpg
340fe585-a160-459d-b816-9a0e426b2113.jpg,https://image.pxgo.com.tw/pic/2024/04/30/340fe585-a160-459d-b816-9a0e426b2113.jpg
6c865958-291a-4c6c-937d-a7e80241035d.jpg,https://image.pxgo.com.tw/pic/2024/04/30/6c865958-291a-4c6c-937d-a7e80241035d.jpg
bc400603-5bb4-4fce-9807-af3bb7059b08.jpg,https://image.pxgo.com.tw/pic/2024/04/30/bc400603-5bb4-4fce-9807-af3bb7059b08.jpg
e272b91a-cecf-4a7f-9928-da1392dd4722.jpg,https://image.pxgo.com.tw/pic/2024/05/10/e272b91a-cecf-4a7f-9928-da1392dd4722.jpg
ddccc2ea-2234-4338-a0c1-80c6ff5e7e24.jpg,https://image.pxgo.com.tw/pic/2024/05/10/ddccc2ea-2234-4338-a0c1-80c6ff5e7e24.jpg
7db31e0e-1756-4507-8e43-1bf55e147b90.jpg,https://image.pxgo.com.tw/pic/2024/05/10/7db31e0e-1756-4507-8e43-1bf55e147b90.jpg
4901301407696.jpg,https://image.pxgo.com.tw/pxmart-pic/4901301407696/4901301407696.jpg
8460a5a3-73e1-4e54-a40d-8a5fd0c882b4.jpg,https://image.pxgo.com.tw/pic/2024/05/10/8460a5a3-73e1-4e54-a40d-8a5fd0c882b4.jpg
4719865613497.jpg,https://image.pxgo.com.tw/pxmart-pic/4719865613497/4719865613497.jpg
4710311940518.jpg,https://image.pxgo.com.tw/pxmart-pic/4710311940518/4710311940518.jpg
4710186263262.jpg,https://image.pxgo.com.tw/pxmart-pic/4710186263262/4710186263262.jpg
4712318595548.jpg,https://image.pxgo.com.tw/pxmart-pic/4712318595548/4712318595548.jpg
61b2a5c8-a12d-452c-9528-e48bd3a535ba.jpg,https://image.pxgo.com.tw/pic/2023/11/10/61b2a5c8-a12d-452c-9528-e48bd3a535ba.jpg
2752e467-4e8f-4eaa-86db-0f08cfa73698.jpg,https://image.pxgo.com.tw/pic/2023/12/07/2752e467-4e8f-4eaa-86db-0f08cfa73698.jpg
4711378380125.jpg,https://image.pxgo.com.tw/pxmart-pic/4711378380125/4711378380125.jpg
83323eda-d3f8-4cf2-8cd4-c1a5961ab6f3.jpg,https://image.pxgo.com.tw/pic/2024/06/13/83323eda-d3f8-4cf2-8cd4-c1a5961ab6f3.jpg
a8cabc2b19ed40a7801d877fc6056d31.jpg,https://image.pxgo.com.tw/pic/2024/10/14/a8cabc2b19ed40a7801d877fc6056d31.jpg
4711378380163.jpg,https://image.pxgo.com.tw/pxmart-pic/4711378380163/4711378380163.jpg
4713089003010.jpg,https://image.pxgo.com.tw/pxmart-pic/4713089003010/4713089003010.jpg
a81de239-2382-4ae6-9c08-b3d0482685e1.jpg,https://image.pxgo.com.tw/pic/2024/04/30/a81de239-2382-4ae6-9c08-b3d0482685e1.jpg
da7267a4-b039-4e30-abb7-7428809fa00f.jpg,https://image.pxgo.com.tw/pic/2023/12/07/da7267a4-b039-4e30-abb7-7428809fa00f.jpg
11bd35c9-c8f9-4f7e-8e41-d68c647b4ed9.jpg,https://image.pxgo.com.tw/pic/2023/12/07/11bd35c9-c8f9-4f7e-8e41-d68c647b4ed9.jpg
4710363781251.jpg,https://image.pxgo.com.tw/pxmart-pic/4710363781251/4710363781251.jpg
488da943-d423-4836-9ace-527ccb534c6b.jpg,https://image.pxgo.com.tw/pic/2023/10/11/488da943-d423-4836-9ace-527ccb534c6b.jpg
4710094133909.jpg,https://image.pxgo.com.tw/pxmart-pic/4710094133909/4710094133909.jpg
4710038783221.jpg,https://image.pxgo.com.tw/pxmart-pic/4710038783221/4710038783221.jpg
664ea6b6-7538-4815-a05e-6a85101cc1fd.jpg,https://image.pxgo.com.tw/pic/2023/10/11/664ea6b6-7538-4815-a05e-6a85101cc1fd.jpg
4987176148858.jpg,https://image.pxgo.com.tw/pxmart-pic/4987176148858/4987176148858.jpg
4710363189699.jpg,https://image.pxgo.com.tw/pxmart-pic/4710363189699/4710363189699.jpg
588fb4c87c444a55bf0261d253f4cac0.jpg,https://image.pxgo.com.tw/pic/2024/08/23/588fb4c87c444a55bf0261d253f4cac0.jpg
4710363189781.jpg,https://image.pxgo.com.tw/pxmart-pic/4710363189781/4710363189781.jpg
b5717856-5ff3-4de1-90ba-66e099ca734e.jpg,https://image.pxgo.com.tw/pic/2023/10/05/b5717856-5ff3-4de1-90ba-66e099ca734e.jpg
1f4997f3-d566-4828-94f6-9a91f13ac385.jpg,https://image.pxgo.com.tw/pic/2023/11/03/1f4997f3-d566-4828-94f6-9a91f13ac385.jpg
ccd8ba89-bbf4-4388-8490-84d0b4e0ca77.jpg,https://image.pxgo.com.tw/pic/2024/06/13/ccd8ba89-bbf4-4388-8490-84d0b4e0ca77.jpg
4710186065132.jpg,https://image.pxgo.com.tw/pxmart-pic/4710186065132/4710186065132.jpg
8e391d2477524ff8a95a26883d176838.jpg,https://image.pxgo.com.tw/pic/2024/08/30/8e391d2477524ff8a95a26883d176838.jpg
0ddd4c5f-af23-4812-b40b-3e0e6bbfe704.jpg,https://image.pxgo.com.tw/pic/2024/05/10/0ddd4c5f-af23-4812-b40b-3e0e6bbfe704.jpg
4711587816149.jpg,https://image.pxgo.com.tw/pxmart-pic/4711587816149/4711587816149.jpg
11166d29-e0f5-4a04-9ee3-1187f30e2fa8.jpg,https://image.pxgo.com.tw/pic/2024/06/13/11166d29-e0f5-4a04-9ee3-1187f30e2fa8.jpg
4710314476663.jpg,https://image.pxgo.com.tw/pxmart-pic/4710314476663/4710314476663.jpg
0462ee39527347768d2317aa7eb2f945.jpg,https://image.pxgo.com.tw/pic/2024/10/04/0462ee39527347768d2317aa7eb2f945.jpg
4710038859407.jpg,https://image.pxgo.com.tw/pxmart-pic/4710038859407/4710038859407.jpg
4711394750247.jpg,https://image.pxgo.com.tw/pxmart-pic/4711394750247/4711394750247.jpg
4710088446565.jpg,https://image.pxgo.com.tw/pxmart-pic/4710088446565/4710088446565.jpg
cd76546a-f16a-476a-8f1c-fcb6cc964e67.jpg,https://image.pxgo.com.tw/pic/2023/12/22/cd76546a-f16a-476a-8f1c-fcb6cc964e67.jpg
c12b7d82-0873-4257-ac8d-4d0e4d852f5f.jpg,https://image.pxgo.com.tw/pic/2024/06/13/c12b7d82-0873-4257-ac8d-4d0e4d852f5f.jpg
4710312012191.jpg,https://image.pxgo.com.tw/pxmart-pic/4710312012191/4710312012191.jpg
e45b4114-d11e-454d-afa0-5d94178ca07e.jpg,https://image.pxgo.com.tw/pic/2024/06/13/e45b4114-d11e-454d-afa0-5d94178ca07e.jpg
4710314262426.jpg,https://image.pxgo.com.tw/pxmart-pic/4710314262426/4710314262426.jpg
4710731096130.jpg,https://image.pxgo.com.tw/pxmart-pic/4710731096130/4710731096130.jpg
4904530593376.jpg,https://image.pxgo.com.tw/pxmart-pic/4904530593376/4904530593376.jpg
034dfd52-6fc3-4717-876e-2c135e6717fc.jpg,https://image.pxgo.com.tw/pic/2024/05/10/034dfd52-6fc3-4717-876e-2c135e6717fc.jpg
21431af8-385a-44b0-9829-d91a3225535c.jpg,https://image.pxgo.com.tw/pic/2023/09/05/21431af8-385a-44b0-9829-d91a3225535c.jpg
93eb8c0f-84a5-4d1e-9b11-60a8d6302d77.jpg,https://image.pxgo.com.tw/pic/2023/12/08/93eb8c0f-84a5-4d1e-9b11-60a8d6302d77.jpg
8888021300727.jpg,https://image.pxgo.com.tw/pxmart-pic/8888021300727/8888021300727.jpg
4712720466689.jpg,https://image.pxgo.com.tw/pxmart-pic/4712720466689/4712720466689.jpg
86dbe263-4dd7-4f1e-8fc9-3533520f81db.jpg,https://image.pxgo.com.tw/pic/2024/02/02/86dbe263-4dd7-4f1e-8fc9-3533520f81db.jpg
4714953028856.jpg,https://image.pxgo.com.tw/pxmart-pic/4714953028856/4714953028856.jpg
6d7c3e36-b8b6-426d-b1d8-6565ef7afa91.jpg,https://image.pxgo.com.tw/pic/2024/06/13/6d7c3e36-b8b6-426d-b1d8-6565ef7afa91.jpg
6c975b51-2ba8-4dbe-ac5f-f54087e74ddf.jpg,https://image.pxgo.com.tw/pic/2024/06/13/6c975b51-2ba8-4dbe-ac5f-f54087e74ddf.jpg
4710466103226.jpg,https://image.pxgo.com.tw/pxmart-pic/4710466103226/4710466103226.jpg
4712814280030.jpg,https://image.pxgo.com.tw/pxmart-pic/4712814280030/4712814280030.jpg
4547315127481.jpg,https://image.pxgo.com.tw/pxmart-pic/4547315127481/4547315127481.jpg
4549738328773.jpg,https://image.pxgo.com.tw/pxmart-pic/4549738328773/4549738328773.jpg
2ac9182e-b755-4c77-b384-c7380958bb70.jpg,https://image.pxgo.com.tw/pic/2024/06/14/2ac9182e-b755-4c77-b384-c7380958bb70.jpg
15761d6b-e3c0-46a1-9bf0-c46b819e51ea.jpg,https://image.pxgo.com.tw/pic/2024/06/14/15761d6b-e3c0-46a1-9bf0-c46b819e51ea.jpg
01c03ac3-40ae-444e-aeb4-45976a805a30.jpg,https://image.pxgo.com.tw/pic/2024/06/13/01c03ac3-40ae-444e-aeb4-45976a805a30.jpg
4901117636051.jpg,https://image.pxgo.com.tw/pxmart-pic/4901117636051/4901117636051.jpg
4713242234831.jpg,https://image.pxgo.com.tw/pxmart-pic/4713242234831/4713242234831.jpg
5b968f2d-52c2-4610-b562-c2df8db7c46d.jpg,https://image.pxgo.com.tw/pic/2024/05/10/5b968f2d-52c2-4610-b562-c2df8db7c46d.jpg
8a15e74b-135f-4b36-86dc-e1f24424da6b.jpg,https://image.pxgo.com.tw/pic/2024/07/11/8a15e74b-135f-4b36-86dc-e1f24424da6b.jpg
4945247027860.jpg,https://image.pxgo.com.tw/pxmart-pic/4945247027860/4945247027860.jpg
4548718444434.jpg,https://image.pxgo.com.tw/pxmart-pic/4548718444434/4548718444434.jpg
4549738728924.jpg,https://image.pxgo.com.tw/pxmart-pic/4549738728924/4549738728924.jpg
4547315040810.jpg,https://image.pxgo.com.tw/pxmart-pic/4547315040810/4547315040810.jpg
4550002794231.jpg,https://image.pxgo.com.tw/pxmart-pic/4550002794231/4550002794231.jpg
cff7d4f7-1126-4ca7-90e0-ee6d15b51dc0.jpg,https://image.pxgo.com.tw/pic/2024/05/17/cff7d4f7-1126-4ca7-90e0-ee6d15b51dc0.jpg
1ee55677117040bb99203ef76de218b0.jpg,https://image.pxgo.com.tw/pic/2024/11/26/1ee55677117040bb99203ef76de218b0.jpg
2aefe134-14a1-4ee2-8d4b-971108456b93.jpg,https://image.pxgo.com.tw/pic/2024/07/25/2aefe134-14a1-4ee2-8d4b-971108456b93.jpg
a12f8fff85654bad8331c596cbb09f11.jpg,https://image.pxgo.com.tw/pic/2024/10/25/a12f8fff85654bad8331c596cbb09f11.jpg
10aa073e-7057-4fd0-9101-26ca0f734691.jpg,https://image.pxgo.com.tw/pic/2024/05/10/10aa073e-7057-4fd0-9101-26ca0f734691.jpg
4ba7e7c3-8a5a-4998-9b01-bc79ad1ae910.jpg,https://image.pxgo.com.tw/pic/2024/01/04/4ba7e7c3-8a5a-4998-9b01-bc79ad1ae910.jpg
aaa94cd7-2ada-40eb-b168-eff8270a971d.jpg,https://image.pxgo.com.tw/pic/2023/09/05/aaa94cd7-2ada-40eb-b168-eff8270a971d.jpg
7c363774-a310-429a-ac11-98479ee95346.jpg,https://image.pxgo.com.tw/pic/2024/07/11/7c363774-a310-429a-ac11-98479ee95346.jpg
a319d69f-c208-4334-b0eb-4b762b7e0073.jpg,https://image.pxgo.com.tw/pic/2023/09/05/a319d69f-c208-4334-b0eb-4b762b7e0073.jpg
553b365b-1ac5-456b-9bfa-0e27c5755ea9.jpg,https://image.pxgo.com.tw/pic/2023/09/05/553b365b-1ac5-456b-9bfa-0e27c5755ea9.jpg
dc05e8b9-54bf-4063-9c0f-26c42096e354.jpg,https://image.pxgo.com.tw/pic/2024/05/10/dc05e8b9-54bf-4063-9c0f-26c42096e354.jpg
4710552085306.jpg,https://image.pxgo.com.tw/pxmart-pic/4710552085306/4710552085306.jpg
4711570882397.jpg,https://image.pxgo.com.tw/pxmart-pic/4711570882397/4711570882397.jpg
f020871d-97e6-4cb2-9e5d-c4469456a292.jpg,https://image.pxgo.com.tw/pic/2023/10/02/f020871d-97e6-4cb2-9e5d-c4469456a292.jpg
70a6415f-5da2-47f9-8ab2-756e09e7d387.jpg,https://image.pxgo.com.tw/pic/2024/05/10/70a6415f-5da2-47f9-8ab2-756e09e7d387.jpg
4711570881284.jpg,https://image.pxgo.com.tw/pxmart-pic/4711570881284/4711570881284.jpg
6c72bb5628fe4608b130b79c6f5dd49f.jpg,https://image.pxgo.com.tw/pic/2024/10/02/6c72bb5628fe4608b130b79c6f5dd49f.jpg
7f8e82e5-e9d6-439c-a900-1eacf608d998.jpg,https://image.pxgo.com.tw/pic/2024/05/10/7f8e82e5-e9d6-439c-a900-1eacf608d998.jpg
4e8b7f32-a13e-4bfc-91cd-241a6dc62508.jpg,https://image.pxgo.com.tw/pic/2024/02/02/4e8b7f32-a13e-4bfc-91cd-241a6dc62508.jpg
95530d41-c37b-4379-8d53-283e87ae2a91.jpg,https://image.pxgo.com.tw/pic/2023/08/24/95530d41-c37b-4379-8d53-283e87ae2a91.jpg
4711570964574.jpg,https://image.pxgo.com.tw/pxmart-pic/4711570964574/4711570964574.jpg
0769f5fd-bbea-4687-b893-e04426a435e1.jpg,https://image.pxgo.com.tw/pic/2024/05/10/0769f5fd-bbea-4687-b893-e04426a435e1.jpg
4547315153145.jpg,https://image.pxgo.com.tw/pxmart-pic/4547315153145/4547315153145.jpg
da795511-24be-4538-93bc-2753d651faed.jpg,https://image.pxgo.com.tw/pic/2024/02/02/da795511-24be-4538-93bc-2753d651faed.jpg
a5fa44cb4b94400caf3b92a48180f1f5.jpg,https://image.pxgo.com.tw/pic/2024/11/26/a5fa44cb4b94400caf3b92a48180f1f5.jpg
326f14e8226f487b914bccce784d4715.jpg,https://image.pxgo.com.tw/pic/2024/11/26/326f14e8226f487b914bccce784d4715.jpg
faf1f260e48e43fbb99a44bbe873ce69.jpg,https://image.pxgo.com.tw/pic/2024/11/26/faf1f260e48e43fbb99a44bbe873ce69.jpg
9310022861000.jpg,https://image.pxgo.com.tw/pxmart-pic/9310022861000/9310022861000.jpg
4714686780304.jpg,https://image.pxgo.com.tw/pxmart-pic/4714686780304/4714686780304.jpg
38a4bf72-3733-4e94-9a8b-e37c45dcacb1.jpg,https://image.pxgo.com.tw/pic/2024/05/10/38a4bf72-3733-4e94-9a8b-e37c45dcacb1.jpg
a9fc1cc1aafa4a6d9c0941cf2a4dcb90.jpg,https://image.pxgo.com.tw/pic/2024/11/22/a9fc1cc1aafa4a6d9c0941cf2a4dcb90.jpg
4901133718922.jpg,https://image.pxgo.com.tw/pxmart-pic/4901133718922/4901133718922.jpg
4901133630897.jpg,https://image.pxgo.com.tw/pxmart-pic/4901133630897/4901133630897.jpg
4901133630873.jpg,https://image.pxgo.com.tw/pxmart-pic/4901133630873/4901133630873.jpg
eb768226-8e64-4e54-a624-6f9ba2e17c74.jpg,https://image.pxgo.com.tw/pic/2024/02/02/eb768226-8e64-4e54-a624-6f9ba2e17c74.jpg
d0ebb76f-7fd8-4410-ba33-4166c6be9de8.jpg,https://image.pxgo.com.tw/pic/2024/06/13/d0ebb76f-7fd8-4410-ba33-4166c6be9de8.jpg
6929bc8e-a0f9-40b5-8441-833512201939.jpg,https://image.pxgo.com.tw/pic/2024/02/02/6929bc8e-a0f9-40b5-8441-833512201939.jpg
b8f13259a1c740c49c0f2e31fcb7a5fd.jpg,https://image.pxgo.com.tw/pic/2024/11/26/b8f13259a1c740c49c0f2e31fcb7a5fd.jpg
32a0c0bd3faa426e9b23660c56c706bd.jpg,https://image.pxgo.com.tw/pic/2024/11/26/32a0c0bd3faa426e9b23660c56c706bd.jpg
96929e23-cf27-423f-adfd-159d0b4f95e8.jpg,https://image.pxgo.com.tw/pic/2023/12/07/96929e23-cf27-423f-adfd-159d0b4f95e8.jpg
6a3629dfecb2456b8fd6d5aa7cc20350.jpg,https://image.pxgo.com.tw/pic/2024/11/26/6a3629dfecb2456b8fd6d5aa7cc20350.jpg
1ea6514a663744c2b414136b3af0c2b3.jpg,https://image.pxgo.com.tw/pic/2024/11/26/1ea6514a663744c2b414136b3af0c2b3.jpg
27319744-c481-41e0-9da1-b67dce4046dc.jpg,https://image.pxgo.com.tw/pic/2024/02/02/27319744-c481-41e0-9da1-b67dce4046dc.jpg
f4c94e3c523a4748901ee80d86b1b7d2.jpg,https://image.pxgo.com.tw/pic/2024/11/26/f4c94e3c523a4748901ee80d86b1b7d2.jpg
273c3da8-719e-4861-8d24-0c66f5d0794d.jpg,https://image.pxgo.com.tw/pic/2024/06/13/273c3da8-719e-4861-8d24-0c66f5d0794d.jpg
aeb61018441a4bc1bec98f828699fe20.jpg,https://image.pxgo.com.tw/pic/2024/11/26/aeb61018441a4bc1bec98f828699fe20.jpg
f838cd0b249445ceb39b188fe3e87ed3.jpg,https://image.pxgo.com.tw/pic/2024/11/26/f838cd0b249445ceb39b188fe3e87ed3.jpg
4901133718533.jpg,https://image.pxgo.com.tw/pxmart-pic/4901133718533/4901133718533.jpg
7f191ea8e1e24de289328a59af79ae31.jpg,https://image.pxgo.com.tw/pic/2024/08/26/7f191ea8e1e24de289328a59af79ae31.jpg
4945247506433.jpg,https://image.pxgo.com.tw/pxmart-pic/4945247506433/4945247506433.jpg
789a7dd81ef948e397af45345448ca65.jpg,https://image.pxgo.com.tw/pic/2024/11/28/789a7dd81ef948e397af45345448ca65.jpg
c60119fb-95a3-47f0-8802-e5ed9ead0302.jpg,https://image.pxgo.com.tw/pic/2024/06/14/c60119fb-95a3-47f0-8802-e5ed9ead0302.jpg
a768f59026f842b5b6bb520fac1bd79d.jpg,https://image.pxgo.com.tw/pic/2024/08/22/a768f59026f842b5b6bb520fac1bd79d.jpg
9995f143-99d8-46f9-85c5-7b43f99b99cb.jpg,https://image.pxgo.com.tw/pic/2023/12/07/9995f143-99d8-46f9-85c5-7b43f99b99cb.jpg
b8a6ccd8617c4444a5a0491b5e7e59df.jpg,https://image.pxgo.com.tw/pic/2024/11/26/b8a6ccd8617c4444a5a0491b5e7e59df.jpg
aa236c1d-ead0-4a2c-a099-f676c3af6c61.jpg,https://image.pxgo.com.tw/pic/2024/03/08/aa236c1d-ead0-4a2c-a099-f676c3af6c61.jpg
577f9814b2314dd988813a198b8db82d.jpg,https://image.pxgo.com.tw/pic/2024/11/26/577f9814b2314dd988813a198b8db82d.jpg
8805508d-77f2-404e-941e-02d03a639c49.jpg,https://image.pxgo.com.tw/pic/2024/05/23/8805508d-77f2-404e-941e-02d03a639c49.jpg
31cc2613f5a741fb80f59b0852e33662.jpg,https://image.pxgo.com.tw/pic/2024/10/02/31cc2613f5a741fb80f59b0852e33662.jpg
462c92d595b0478488adc6479c212a89.jpg,https://image.pxgo.com.tw/pic/2024/10/02/462c92d595b0478488adc6479c212a89.jpg
f11da502-4345-4701-ad2d-9138b04923b3.jpg,https://image.pxgo.com.tw/pic/2024/02/02/f11da502-4345-4701-ad2d-9138b04923b3.jpg
a3eb31b54bca49858933dc025a5adb5b.jpg,https://image.pxgo.com.tw/pic/2024/10/02/a3eb31b54bca49858933dc025a5adb5b.jpg
2a0a1b4b3aa940208c4d007d34d3974f.jpg,https://image.pxgo.com.tw/pic/2024/10/02/2a0a1b4b3aa940208c4d007d34d3974f.jpg
c831de1549ba4325ad7898b035846821.jpg,https://image.pxgo.com.tw/pic/2024/10/02/c831de1549ba4325ad7898b035846821.jpg
a371f7bbb073424b90d26269df35b738.jpg,https://image.pxgo.com.tw/pic/2024/10/02/a371f7bbb073424b90d26269df35b738.jpg
b3127b695bd546de90bec84703b2240a.jpg,https://image.pxgo.com.tw/pic/2024/10/04/b3127b695bd546de90bec84703b2240a.jpg
4710105015736.jpg,https://image.pxgo.com.tw/pxmart-pic/4710105015736/4710105015736.jpg
b18e2aff7556462ab781a84d587912ab.jpg,https://image.pxgo.com.tw/pic/2024/10/02/b18e2aff7556462ab781a84d587912ab.jpg
a43930cd-1ef8-4012-aa7b-8fe81fea6016.jpg,https://image.pxgo.com.tw/pic/2023/10/31/a43930cd-1ef8-4012-aa7b-8fe81fea6016.jpg
25f936ab-6b66-4a52-8e15-5cb366316620.jpg,https://image.pxgo.com.tw/pic/2024/02/02/25f936ab-6b66-4a52-8e15-5cb366316620.jpg
7caa5f27-93f0-4265-b29a-629fa409bd43.jpg,https://image.pxgo.com.tw/pic/2024/02/02/7caa5f27-93f0-4265-b29a-629fa409bd43.jpg
4710783026079.jpg,https://image.pxgo.com.tw/pxmart-pic/4710783026079/4710783026079.jpg
addcbdb8-b942-4ddc-844c-1afdb71cb732.jpg,https://image.pxgo.com.tw/pic/2023/12/01/addcbdb8-b942-4ddc-844c-1afdb71cb732.jpg
d837f724-2173-4e1c-bfe0-e65093b02405.jpg,https://image.pxgo.com.tw/pic/2024/01/05/d837f724-2173-4e1c-bfe0-e65093b02405.jpg
4716596889580.jpg,https://image.pxgo.com.tw/pxmart-pic/4716596889580/4716596889580.jpg
4712755950511.jpg,https://image.pxgo.com.tw/pxmart-pic/4712755950511/4712755950511.jpg
4710105011431.jpg,https://image.pxgo.com.tw/pxmart-pic/4710105011431/4710105011431.jpg
4711347003222.jpg,https://image.pxgo.com.tw/pxmart-pic/4711347003222/4711347003222.jpg
3ccb99e6-642b-4b03-81d3-a4877aa051c3.jpg,https://image.pxgo.com.tw/pic/2024/01/18/3ccb99e6-642b-4b03-81d3-a4877aa051c3.jpg
2eaac1c0-51b4-4612-a7a0-f8f3aef83dee.jpg,https://image.pxgo.com.tw/pic/2024/02/02/2eaac1c0-51b4-4612-a7a0-f8f3aef83dee.jpg
4710126206052.jpg,https://image.pxgo.com.tw/pxmart-pic/4710126206052/4710126206052.jpg
7de711cb476e44b2a98f4a4a0aab9c60.jpg,https://image.pxgo.com.tw/pic/2024/11/17/7de711cb476e44b2a98f4a4a0aab9c60.jpg
4712867351596.jpg,https://image.pxgo.com.tw/pxmart-pic/4712867351596/4712867351596.jpg
d74d34a4-1704-4b70-ad6d-513dea7be714.jpg,https://image.pxgo.com.tw/pic/2024/03/26/d74d34a4-1704-4b70-ad6d-513dea7be714.jpg
104f3e99d16b485da02529fd4942ea92.jpg,https://image.pxgo.com.tw/pic/2024/10/24/104f3e99d16b485da02529fd4942ea92.jpg
7793744cf63546ab883cd69d2796bc25.jpg,https://image.pxgo.com.tw/pic/2024/11/13/7793744cf63546ab883cd69d2796bc25.jpg
4710011421324.jpg,https://image.pxgo.com.tw/pxmart-pic/4710011421324/4710011421324.jpg
1cf57a01ab3e45388de895da5f95a8c8.jpg,https://image.pxgo.com.tw/pic/2024/10/02/1cf57a01ab3e45388de895da5f95a8c8.jpg
fd49eaf5adb74f89ae354f8607c1dc5a.jpg,https://image.pxgo.com.tw/pic/2024/11/01/fd49eaf5adb74f89ae354f8607c1dc5a.jpg
cefd6bc4-2467-4510-81cc-121256a677ce.jpg,https://image.pxgo.com.tw/pic/2023/08/24/cefd6bc4-2467-4510-81cc-121256a677ce.jpg
4f8c540f-467d-493b-abf9-21180e88e54e.jpg,https://image.pxgo.com.tw/pic/2024/04/26/4f8c540f-467d-493b-abf9-21180e88e54e.jpg
38ef2b112a6841e180c6166ec097d379.jpg,https://image.pxgo.com.tw/pic/2024/11/01/38ef2b112a6841e180c6166ec097d379.jpg
4711926774918.jpg,https://image.pxgo.com.tw/pxmart-pic/4711926774918/4711926774918.jpg
69697c5f-8f04-4a38-bcec-d4156909b51f.jpg,https://image.pxgo.com.tw/pic/2023/10/19/69697c5f-8f04-4a38-bcec-d4156909b51f.jpg
a2ed262c-b01d-42f6-81c6-662c53dfebea.jpg,https://image.pxgo.com.tw/pic/2024/02/02/a2ed262c-b01d-42f6-81c6-662c53dfebea.jpg
4710126092242.jpg,https://image.pxgo.com.tw/pxmart-pic/4710126092242/4710126092242.jpg
37920b19177144b1a0691cb29573ee88.jpg,https://image.pxgo.com.tw/pic/2024/10/24/37920b19177144b1a0691cb29573ee88.jpg
65bd84ba-62d8-417c-884c-adad8d232467.jpg,https://image.pxgo.com.tw/pic/2024/05/21/65bd84ba-62d8-417c-884c-adad8d232467.jpg
9419bc53-4e76-44be-a459-2e5399312dea.jpg,https://image.pxgo.com.tw/pic/2024/01/05/9419bc53-4e76-44be-a459-2e5399312dea.jpg
4710126089457.jpg,https://image.pxgo.com.tw/pxmart-pic/4710126089457/4710126089457.jpg
0d3b2e7e-25b1-4a09-be84-5f8979c57cc6.jpg,https://image.pxgo.com.tw/pic/2024/07/25/0d3b2e7e-25b1-4a09-be84-5f8979c57cc6.jpg
4710151202494.jpg,https://image.pxgo.com.tw/pxmart-pic/4710151202494/4710151202494.jpg
290b01cb-5305-4fa3-b595-40d4aeccb13c.jpg,https://image.pxgo.com.tw/pic/2024/06/07/290b01cb-5305-4fa3-b595-40d4aeccb13c.jpg
69072922-d3e3-4a8b-94d5-662813f12500.jpg,https://image.pxgo.com.tw/pic/2024/06/07/69072922-d3e3-4a8b-94d5-662813f12500.jpg
d0becebfb8e84812b8cb1187eb66b942.jpg,https://image.pxgo.com.tw/pic/2024/11/01/d0becebfb8e84812b8cb1187eb66b942.jpg
bc1c5001-9c40-46f2-b279-30deaa1bf9ff.jpg,https://image.pxgo.com.tw/pic/2024/06/07/bc1c5001-9c40-46f2-b279-30deaa1bf9ff.jpg
fc9e1eaa-8705-4c61-819b-2f36261f7eb1.jpg,https://image.pxgo.com.tw/pic/2024/06/07/fc9e1eaa-8705-4c61-819b-2f36261f7eb1.jpg
4710151201046.jpg,https://image.pxgo.com.tw/pxmart-pic/4710151201046/4710151201046.jpg
a133fd49add442a2a61b8e337bd5ca61.jpg,https://image.pxgo.com.tw/pic/2024/10/02/a133fd49add442a2a61b8e337bd5ca61.jpg
3e5b47c7-a4a7-4cbb-ab9e-140dbc973b89.jpg,https://image.pxgo.com.tw/pic/2024/06/07/3e5b47c7-a4a7-4cbb-ab9e-140dbc973b89.jpg
536b42f3d02c4018b397d3adb76bd0c3.jpg,https://image.pxgo.com.tw/pic/2024/11/30/536b42f3d02c4018b397d3adb76bd0c3.jpg
5eb304bc-8b00-4202-bdc2-f35a41de444e.jpg,https://image.pxgo.com.tw/pic/2024/07/25/5eb304bc-8b00-4202-bdc2-f35a41de444e.jpg
98a0dfee-10c1-4758-81d8-1ac2ddee45f5.jpg,https://image.pxgo.com.tw/pic/2024/07/25/98a0dfee-10c1-4758-81d8-1ac2ddee45f5.jpg
14b0f0b6-ed5a-4961-824e-e619437b1fd5.jpg,https://image.pxgo.com.tw/pic/2024/07/25/14b0f0b6-ed5a-4961-824e-e619437b1fd5.jpg
935a6e67-3fc5-466e-a5dd-2cdadf857644.jpg,https://image.pxgo.com.tw/pic/2024/07/25/935a6e67-3fc5-466e-a5dd-2cdadf857644.jpg
4710088433497.jpg,https://image.pxgo.com.tw/pxmart-pic/4710088433497/4710088433497.jpg
4710126198241.jpg,https://image.pxgo.com.tw/pxmart-pic/4710126198241/4710126198241.jpg
4711198709991.jpg,https://image.pxgo.com.tw/pxmart-pic/4711198709991/4711198709991.jpg
4710171060258.jpg,https://image.pxgo.com.tw/pxmart-pic/4710171060258/4710171060258.jpg
4713493020603.jpg,https://image.pxgo.com.tw/pxmart-pic/4713493020603/4713493020603.jpg
7014daae-8a0e-4c4e-849c-d108181bee14.jpg,https://image.pxgo.com.tw/pic/2024/07/24/7014daae-8a0e-4c4e-849c-d108181bee14.jpg
4710632007631.jpg,https://image.pxgo.com.tw/pxmart-pic/4710632007631/4710632007631.jpg
cdc8fa25-7f68-4805-83be-7c293ca896bc.jpg,https://image.pxgo.com.tw/pic/2024/06/26/cdc8fa25-7f68-4805-83be-7c293ca896bc.jpg
4710105320403.jpg,https://image.pxgo.com.tw/pxmart-pic/4710105320403/4710105320403.jpg
9778fb37-edfa-4bc4-b603-de7dc4f6b5fb.jpg,https://image.pxgo.com.tw/pic/2024/07/25/9778fb37-edfa-4bc4-b603-de7dc4f6b5fb.jpg
3ed66bf4-d573-432c-9cf5-592097daafbd.jpg,https://image.pxgo.com.tw/pic/2024/04/26/3ed66bf4-d573-432c-9cf5-592097daafbd.jpg
3e594c6a-8b54-4c1b-87b1-535f3631c910.jpg,https://image.pxgo.com.tw/pic/2024/05/10/3e594c6a-8b54-4c1b-87b1-535f3631c910.jpg
173b43b6-4970-4c01-8aed-8b65c9261886.jpg,https://image.pxgo.com.tw/pic/2024/05/10/173b43b6-4970-4c01-8aed-8b65c9261886.jpg
7ea88ee3-d8d5-4f3f-9a93-acdec08ce566.jpg,https://image.pxgo.com.tw/pic/2024/04/26/7ea88ee3-d8d5-4f3f-9a93-acdec08ce566.jpg
4710105321257.jpg,https://image.pxgo.com.tw/pxmart-pic/4710105321257/4710105321257.jpg
bed6007b-4df8-4b69-b323-5dda1b208568.jpg,https://image.pxgo.com.tw/pic/2024/01/19/bed6007b-4df8-4b69-b323-5dda1b208568.jpg
e74ec079-f863-4484-b571-a9d191765635.jpg,https://image.pxgo.com.tw/pic/2023/08/31/e74ec079-f863-4484-b571-a9d191765635.jpg
30254024-3802-4cd5-8db3-fa48467be9f8.jpg,https://image.pxgo.com.tw/pic/2024/03/19/30254024-3802-4cd5-8db3-fa48467be9f8.jpg
4710088633835.jpg,https://image.pxgo.com.tw/pxmart-pic/4710088633835/4710088633835.jpg
4710421071683.jpg,https://image.pxgo.com.tw/pxmart-pic/4710421071683/4710421071683.jpg
4710105321349.jpg,https://image.pxgo.com.tw/pxmart-pic/4710105321349/4710105321349.jpg
0814d0e1-520f-4e71-be4d-ff4e65d7541e.jpg,https://image.pxgo.com.tw/pic/2024/06/26/0814d0e1-520f-4e71-be4d-ff4e65d7541e.jpg
4710088639202.jpg,https://image.pxgo.com.tw/pxmart-pic/4710088639202/4710088639202.jpg
c2e80456ee054462980ee504efa459a8.jpg,https://image.pxgo.com.tw/pic/2024/09/25/c2e80456ee054462980ee504efa459a8.jpg
52bcf9ce-1d38-4cc8-9e6d-4787508fe46f.jpg,https://image.pxgo.com.tw/pic/2024/05/10/52bcf9ce-1d38-4cc8-9e6d-4787508fe46f.jpg
4710105333410.jpg,https://image.pxgo.com.tw/pxmart-pic/4710105333410/4710105333410.jpg
a81a7325-cd2c-478f-b2cb-7464b817d891.jpg,https://image.pxgo.com.tw/pic/2024/06/26/a81a7325-cd2c-478f-b2cb-7464b817d891.jpg
a4acc5c4a84c4bfaa80ca1242da43cc7.jpg,https://image.pxgo.com.tw/pic/2024/09/25/a4acc5c4a84c4bfaa80ca1242da43cc7.jpg
91d5a91b-cc5a-48a0-b4f3-68cb2ddab391.jpg,https://image.pxgo.com.tw/pic/2024/03/14/91d5a91b-cc5a-48a0-b4f3-68cb2ddab391.jpg
4710085219407.jpg,https://image.pxgo.com.tw/pxmart-pic/4710085219407/4710085219407.jpg
7b95133e7981415091c80845f9a911a4.jpg,https://image.pxgo.com.tw/pic/2024/10/04/7b95133e7981415091c80845f9a911a4.jpg
4710105010861.jpg,https://image.pxgo.com.tw/pxmart-pic/4710105010861/4710105010861.jpg
90d37d73-9fe8-40c1-9b72-13cc2883d08b.jpg,https://image.pxgo.com.tw/pic/2023/10/19/90d37d73-9fe8-40c1-9b72-13cc2883d08b.jpg
ea3d4aed9462470688a4ccac440924e6.jpg,https://image.pxgo.com.tw/pic/2024/10/01/ea3d4aed9462470688a4ccac440924e6.jpg
02c53446-8ab5-474d-8455-d1098bfc31d3.jpg,https://image.pxgo.com.tw/pic/2024/05/24/02c53446-8ab5-474d-8455-d1098bfc31d3.jpg
4710085203659.jpg,https://image.pxgo.com.tw/pxmart-pic/4710085203659/4710085203659.jpg
e196c4ec-5e15-4c22-a3fc-df38deef340a.jpg,https://image.pxgo.com.tw/pic/2024/05/10/e196c4ec-5e15-4c22-a3fc-df38deef340a.jpg
4002631022006.jpg,https://image.pxgo.com.tw/pxmart-pic/4002631022006/4002631022006.jpg
4710063442131.jpg,https://image.pxgo.com.tw/pxmart-pic/4710063442131/4710063442131.jpg
f34d7b3d-8950-45bd-ac46-ce79631dadc9.jpg,https://image.pxgo.com.tw/pic/2024/03/26/f34d7b3d-8950-45bd-ac46-ce79631dadc9.jpg
0b2a7d40-28b4-44aa-9a28-eaf87ea64aa1.jpg,https://image.pxgo.com.tw/pic/2024/05/24/0b2a7d40-28b4-44aa-9a28-eaf87ea64aa1.jpg
4716426030410.jpg,https://image.pxgo.com.tw/pxmart-pic/4716426030410/4716426030410.jpg
9b62947d-4040-4009-951e-58f644bfc76c.jpg,https://image.pxgo.com.tw/pic/2024/05/10/9b62947d-4040-4009-951e-58f644bfc76c.jpg
413de85a-7dd6-4768-957c-31b3a0b10b64.jpg,https://image.pxgo.com.tw/pic/2023/12/26/413de85a-7dd6-4768-957c-31b3a0b10b64.jpg
4710018175305.jpg,https://image.pxgo.com.tw/pxmart-pic/4710018175305/4710018175305.jpg
0e491671-566b-4ac4-a0da-d10c31543fde.jpg,https://image.pxgo.com.tw/pic/2024/01/19/0e491671-566b-4ac4-a0da-d10c31543fde.jpg
4714947160067.jpg,https://image.pxgo.com.tw/pxmart-pic/4714947160067/4714947160067.jpg
4710134024334.jpg,https://image.pxgo.com.tw/pxmart-pic/4710134024334/4710134024334.jpg
135c7c50-c671-4ed1-a983-bd8c191c0c80.jpg,https://image.pxgo.com.tw/pic/2024/05/10/135c7c50-c671-4ed1-a983-bd8c191c0c80.jpg
d05bd6c4-667f-4c39-b1cc-78c26e6f301b.jpg,https://image.pxgo.com.tw/pic/2023/09/21/d05bd6c4-667f-4c39-b1cc-78c26e6f301b.jpg
6e6d88a9-4534-4655-bec8-b98480d7baed.jpg,https://image.pxgo.com.tw/pic/2024/02/02/6e6d88a9-4534-4655-bec8-b98480d7baed.jpg
4710171022676.jpg,https://image.pxgo.com.tw/pxmart-pic/4710171022676/4710171022676.jpg
4af94a37-0538-492d-baef-0fd8dfafc8e0.jpg,https://image.pxgo.com.tw/pic/2024/01/19/4af94a37-0538-492d-baef-0fd8dfafc8e0.jpg
4710022057024.jpg,https://image.pxgo.com.tw/pxmart-pic/4710022057024/4710022057024.jpg
05ef649d-e566-4e08-bb3c-8634ecacdfa0.jpg,https://image.pxgo.com.tw/pic/2024/01/19/05ef649d-e566-4e08-bb3c-8634ecacdfa0.jpg
8e4f8e97-a0ed-4fba-afb2-56963cae2c31.jpg,https://image.pxgo.com.tw/pic/2024/05/10/8e4f8e97-a0ed-4fba-afb2-56963cae2c31.jpg
4710176013143.jpg,https://image.pxgo.com.tw/pxmart-pic/4710176013143/4710176013143.jpg
4710543016647.jpg,https://image.pxgo.com.tw/pxmart-pic/4710543016647/4710543016647.jpg
4710946506936.jpg,https://image.pxgo.com.tw/pxmart-pic/4710946506936/4710946506936.jpg
f8febb765c9d459cb443b2bb4cb612cc.jpg,https://image.pxgo.com.tw/pic/2024/08/23/f8febb765c9d459cb443b2bb4cb612cc.jpg
4710171002029.jpg,https://image.pxgo.com.tw/pxmart-pic/4710171002029/4710171002029.jpg
f0e9b75f-a3a7-41e3-b464-fe2a574d64be.jpg,https://image.pxgo.com.tw/pic/2024/05/10/f0e9b75f-a3a7-41e3-b464-fe2a574d64be.jpg
4710144202418.jpg,https://image.pxgo.com.tw/pxmart-pic/4710144202418/4710144202418.jpg
4710543013301.jpg,https://image.pxgo.com.tw/pxmart-pic/4710543013301/4710543013301.jpg
bc74f58b-0bf1-4036-ad1d-36e7115256e7.jpg,https://image.pxgo.com.tw/pic/2024/05/10/bc74f58b-0bf1-4036-ad1d-36e7115256e7.jpg
ebdd9d9f-372a-497b-ab81-e06e1d3f8c02.jpg,https://image.pxgo.com.tw/pic/2024/05/10/ebdd9d9f-372a-497b-ab81-e06e1d3f8c02.jpg
4713153336563.jpg,https://image.pxgo.com.tw/pxmart-pic/4713153336563/4713153336563.jpg
16ab1360-ba46-4db3-83f1-a47357b381b5.jpg,https://image.pxgo.com.tw/pic/2024/05/10/16ab1360-ba46-4db3-83f1-a47357b381b5.jpg
2740aece-0334-43b3-b75e-f0bc7bf55923.jpg,https://image.pxgo.com.tw/pic/2024/05/10/2740aece-0334-43b3-b75e-f0bc7bf55923.jpg
98f732b0-9199-49fe-b745-f01a59347f80.jpg,https://image.pxgo.com.tw/pic/2024/01/18/98f732b0-9199-49fe-b745-f01a59347f80.jpg
4710174115290.jpg,https://image.pxgo.com.tw/pxmart-pic/4710174115290/4710174115290.jpg
6b6ba4cf707142efaa64f7119af22ec9.jpg,https://image.pxgo.com.tw/pic/2024/08/23/6b6ba4cf707142efaa64f7119af22ec9.jpg
4710543011567.jpg,https://image.pxgo.com.tw/pxmart-pic/4710543011567/4710543011567.jpg
4715082222450.jpg,https://image.pxgo.com.tw/pxmart-pic/4715082222450/4715082222450.jpg
e3df5417-8d88-4c77-b5a2-e6683a05889d.jpg,https://image.pxgo.com.tw/pic/2024/02/02/e3df5417-8d88-4c77-b5a2-e6683a05889d.jpg
1fb05fff-7a57-4a2f-9da8-eb769ce33cd2.jpg,https://image.pxgo.com.tw/pic/2023/12/07/1fb05fff-7a57-4a2f-9da8-eb769ce33cd2.jpg
9a3f475b804f4664b1cd95640dbb39c5.jpg,https://image.pxgo.com.tw/pic/2024/08/23/9a3f475b804f4664b1cd95640dbb39c5.jpg
839a750131bd4e12bc530cb6cb8eebd5.jpg,https://image.pxgo.com.tw/pic/2024/11/01/839a750131bd4e12bc530cb6cb8eebd5.jpg
851a96846cf44d2cbcae3b6fdb636959.jpg,https://image.pxgo.com.tw/pic/2024/08/23/851a96846cf44d2cbcae3b6fdb636959.jpg
